{"cameraMode":{"drawMode":0,"name":"Shaded","section":"Shading Mode"},"sceneLighting":false,"audioPlay":false,"sceneViewState":{"m_AlwaysRefresh":false,"showFog":true,"showSkybox":false,"showFlares":true,"showImageEffects":true,"showParticleSystems":true,"showVisualEffectGraphs":true,"m_FxEnabled":true},"in2DMode":false,"pivot":{"x":-0.21719637513160706,"y":1.181504726409912,"z":0.7412642240524292},"rotation":{"x":0.0002762842341326177,"y":-0.9998540878295898,"z":-0.010796619579195977,"w":-0.015608303248882294},"size":0.6504430770874023,"orthographic":false}