{"cameraMode":{"drawMode":0,"name":"Shaded","section":"Shading Mode"},"sceneLighting":false,"audioPlay":false,"sceneViewState":{"m_AlwaysRefresh":false,"showFog":true,"showSkybox":false,"showFlares":true,"showImageEffects":true,"showParticleSystems":true,"showVisualEffectGraphs":true,"m_FxEnabled":true},"in2DMode":false,"pivot":{"x":0.5093773603439331,"y":1.0076549053192139,"z":0.5139843225479126},"rotation":{"x":0.0004151965258643031,"y":-0.9984126687049866,"z":0.0566706582903862,"w":0.0053746746852993969},"size":0.5782968997955322,"orthographic":false}