{"cameraMode":{"drawMode":0,"name":"Shaded","section":"Shading Mode"},"sceneLighting":false,"audioPlay":false,"sceneViewState":{"m_AlwaysRefresh":false,"showFog":true,"showSkybox":false,"showFlares":true,"showImageEffects":true,"showParticleSystems":true,"showVisualEffectGraphs":true,"m_FxEnabled":true},"in2DMode":false,"pivot":{"x":0.0011272430419921876,"y":2.7724609375,"z":-0.006473541259765625},"rotation":{"x":-0.0013103379169479013,"y":0.9967071413993836,"z":-0.07940549403429032,"w":-0.01644710637629032},"size":10.61028003692627,"orthographic":false}